frame,t_sec,x,y,detected
0,0.0,483,402,1
1,0.033,517,395,0
2,0.067,548,389,0
3,0.1,576,383,1
4,0.133,613,374,1
5,0.167,636,369,0
6,0.2,636,364,1
7,0.233,633,374,0
8,0.267,631,390,0
9,0.3,627,413,1
10,0.333,621,439,1
11,0.367,615,458,1
12,0.4,613,463,1
13,0.433,611,470,1
14,0.467,612,472,1
15,0.5,615,476,0
16,0.533,620,482,1
17,0.567,625,490,1
18,0.6,630,498,1
19,0.633,634,504,1
20,0.667,636,509,1
21,0.7,637,515,1
22,0.733,637,517,1
23,0.767,638,505,1
24,0.8,637,494,1
25,0.833,636,490,1
26,0.867,635,495,1
27,0.9,632,510,1
28,0.933,629,523,1
29,0.967,630,523,1
30,1.0,629,524,1
31,1.033,627,530,1
32,1.067,624,537,1
33,1.1,620,545,1
34,1.133,619,549,1
35,1.167,623,549,1
36,1.2,627,549,0
37,1.233,630,549,0
38,1.267,633,549,1
39,1.3,636,549,0
40,1.333,637,547,1
41,1.367,642,549,0
42,1.4,650,553,0
43,1.433,660,559,1
44,1.467,669,565,1
45,1.5,672,571,1
46,1.533,676,568,1
47,1.567,697,555,1
48,1.6,727,537,1
49,1.633,756,518,1
50,1.667,778,505,1
51,1.7,783,504,0
52,1.733,787,501,0
53,1.767,784,507,0
54,1.8,767,527,0
55,1.833,742,555,1
56,1.867,716,584,1
57,1.9,699,603,1
58,1.933,701,603,0
59,1.967,704,602,1
60,2.0,709,602,0
61,2.033,716,604,0
62,2.067,717,603,0
63,2.1,707,594,0
64,2.133,678,572,1
65,2.167,632,542,0
66,2.2,577,509,1
67,2.233,536,486,1
68,2.267,511,474,1
69,2.3,506,474,1
70,2.333,506,472,1
71,2.367,510,456,0
72,2.4,492,436,1
73,2.433,469,419,1
74,2.467,436,411,1
75,2.5,406,418,0
76,2.533,385,427,1
77,2.567,381,426,0
78,2.6,375,428,1
79,2.633,376,431,1
80,2.667,371,439,1
81,2.7,368,447,1
82,2.733,365,455,1
83,2.767,365,463,0
84,2.8,361,470,1
85,2.833,355,476,1
86,2.867,350,480,1
87,2.9,348,479,0
88,2.933,349,479,0
89,2.967,357,481,0
90,3.0,354,478,0
91,3.033,340,468,1
92,3.067,320,454,1
93,3.1,302,441,1
94,3.133,292,433,0
95,3.167,296,434,0
96,3.2,300,436,0
97,3.233,302,436,1
98,3.267,304,436,1
99,3.3,306,436,1
100,3.333,308,436,0
101,3.367,312,434,0
102,3.4,311,434,0
103,3.433,305,440,0
104,3.467,296,451,1
105,3.5,285,468,1
106,3.533,278,485,1
107,3.567,277,493,1
108,3.6,274,494,1
109,3.633,270,488,1
110,3.667,265,478,1
111,3.7,262,471,1
112,3.733,259,464,1
113,3.767,258,458,1
114,3.8,257,453,1
115,3.833,257,450,1
116,3.867,258,448,1
117,3.9,261,450,1
118,3.933,263,450,1
119,3.967,265,450,1
120,4.0,267,450,1
121,4.033,269,450,0
122,4.067,271,450,0
123,4.1,270,449,0
124,4.133,274,450,1
125,4.167,287,452,0
126,4.2,303,455,1
127,4.233,319,458,1
128,4.267,328,461,1
129,4.3,332,458,1
130,4.333,337,452,0
131,4.367,344,445,1
132,4.4,350,439,0
133,4.433,354,437,0
134,4.467,353,440,0
135,4.5,357,438,0
136,4.533,365,432,1
137,4.567,375,426,1
138,4.6,383,417,1
139,4.633,391,418,1
140,4.667,396,427,1
141,4.7,402,437,1
142,4.733,409,445,1
143,4.767,415,448,1
144,4.8,418,442,1
145,4.833,420,437,1
146,4.867,420,434,1
147,4.9,419,432,1
148,4.933,417,430,0
149,4.967,417,429,1
150,5.0,419,428,0
151,5.033,420,426,0
152,5.067,421,422,0
153,5.1,421,415,1
154,5.133,420,407,1
155,5.167,419,401,1
156,5.2,420,401,1
157,5.233,421,401,1
158,5.267,423,403,1
159,5.3,425,407,1
160,5.333,427,411,1
161,5.367,429,417,1
162,5.4,431,426,0
163,5.433,433,434,1
164,5.467,434,439,1
165,5.5,435,443,1
166,5.533,437,441,0
167,5.567,438,440,1
168,5.6,441,441,1
169,5.633,443,441,1
170,5.667,445,441,1
171,5.7,447,441,1
172,5.733,449,441,1
173,5.767,451,441,1
174,5.8,453,441,1
175,5.833,455,441,1
176,5.867,457,441,1
177,5.9,459,441,1
178,5.933,461,441,1
179,5.967,463,441,1
180,6.0,465,441,1
181,6.033,467,441,1
182,6.067,469,441,1
183,6.1,464,441,1
184,6.133,474,440,1
185,6.167,498,441,1
186,6.2,529,441,1
187,6.233,558,442,1
188,6.267,576,442,1
189,6.3,575,443,1
190,6.333,575,443,1
191,6.367,577,443,1
192,6.4,579,443,1
193,6.433,581,443,1
194,6.467,583,443,1
195,6.5,585,443,1
196,6.533,587,443,1
197,6.567,589,443,1
198,6.6,591,443,1
199,6.633,598,444,1
200,6.667,597,443,1
201,6.7,574,435,1
202,6.733,539,423,1
203,6.767,503,410,1
204,6.8,480,402,1
205,6.833,479,401,1
206,6.867,492,402,1
207,6.9,486,403,1
208,6.933,472,403,1
209,6.967,458,404,1
210,7.0,440,403,1
211,7.033,426,400,1
212,7.067,425,397,1
213,7.1,418,392,1
214,7.133,410,390,0
215,7.167,408,390,1
216,7.2,402,389,1
217,7.233,400,390,0
218,7.267,402,391,0
219,7.3,405,391,0
220,7.333,412,389,0
221,7.367,406,391,0
222,7.4,392,395,0
223,7.433,375,399,1
224,7.467,360,403,1
225,7.5,354,405,1
226,7.533,362,404,1
227,7.567,371,406,1
228,7.6,369,405,0
229,7.633,339,392,0
230,7.667,295,374,1
231,7.7,255,356,0
232,7.733,222,343,0
233,7.767,204,337,0
234,7.8,180,333,1
235,7.833,132,320,1
236,7.867,74,306,1
237,7.9,44,299,1
238,7.933,35,298,1
239,7.967,48,303,1
240,8.0,63,311,0
241,8.033,83,319,1
242,8.067,120,326,1
243,8.1,179,335,1
244,8.133,237,342,1
245,8.167,281,346,1
246,8.2,291,347,0
247,8.233,289,347,0
248,8.267,289,348,0
249,8.3,282,351,1
250,8.333,266,354,1
251,8.367,252,358,1
252,8.4,232,358,1
253,8.433,196,356,0
254,8.467,157,352,1
255,8.5,116,347,1
256,8.533,77,343,1
257,8.567,72,344,1
258,8.6,96,349,0
259,8.633,140,358,1
260,8.667,213,371,1
261,8.7,284,384,1
262,8.733,331,392,1
263,8.767,355,396,1
264,8.8,360,397,1
265,8.833,356,396,1
266,8.867,358,396,1
267,8.9,360,396,1
268,8.933,362,396,1
269,8.967,364,396,1
270,9.0,366,396,1
271,9.033,369,395,1
272,9.067,369,396,1
273,9.1,367,399,1
274,9.133,364,402,1
275,9.167,361,404,1
276,9.2,361,405,1
277,9.233,365,405,1
278,9.267,367,405,1
279,9.3,369,405,1
280,9.333,371,405,1
281,9.367,373,405,1
282,9.4,375,405,1
283,9.433,377,405,1
284,9.467,379,405,1
285,9.5,381,405,1
286,9.533,383,405,1
287,9.567,385,405,1
288,9.6,380,404,1
289,9.633,385,404,1
290,9.667,412,407,1
291,9.7,463,410,1
292,9.733,525,414,1
293,9.767,579,416,1
294,9.8,604,416,1
295,9.833,611,416,1
296,9.867,611,415,0
297,9.9,612,416,0
298,9.933,614,416,0
299,9.967,616,416,1
300,10.0,618,416,1
301,10.033,620,416,1
302,10.067,622,416,1
303,10.1,624,416,1
304,10.133,626,416,1
305,10.167,628,416,1
306,10.2,630,416,0
307,10.233,632,416,0
308,10.267,634,416,0
309,10.3,636,416,0
310,10.333,636,417,0
311,10.367,640,415,0
312,10.4,646,411,0
313,10.433,653,406,1
314,10.467,659,402,1
315,10.5,664,399,0
316,10.533,665,400,0
317,10.567,667,401,0
318,10.6,669,401,0
319,10.633,675,400,0
320,10.667,672,401,0
321,10.7,660,403,0
322,10.733,641,406,1
323,10.767,621,409,1
324,10.8,605,411,1
325,10.833,601,411,1
326,10.867,598,412,1
327,10.9,597,412,1
328,10.933,598,411,0
329,10.967,598,410,1
330,11.0,600,409,1
331,11.033,601,408,0
332,11.067,603,408,0
333,11.1,606,409,0
334,11.133,608,409,0
335,11.167,610,409,0
336,11.2,612,409,0
337,11.233,614,409,0
338,11.267,616,409,0
339,11.3,618,409,0
340,11.333,620,409,0
341,11.367,622,409,0
342,11.4,624,409,0
343,11.433,626,409,0
344,11.467,628,409,0
345,11.5,625,410,0
346,11.533,630,409,0
347,11.567,651,403,0
348,11.6,673,397,1
349,11.633,708,389,1
350,11.667,736,383,0
351,11.7,760,379,1
352,11.733,790,376,0
353,11.767,829,372,1
354,11.8,864,370,1
355,11.833,905,369,1
356,11.867,932,369,1
357,11.9,945,369,1
358,11.933,964,371,0
359,11.967,979,372,0
360,12.0,1004,376,1
361,12.033,1032,379,0
362,12.067,1060,385,1
363,12.1,1075,390,0
364,12.133,1084,392,1
365,12.167,1092,396,0
366,12.2,1136,416,0
367,12.233,1177,437,1
368,12.267,1193,454,1
369,12.3,1167,459,1
370,12.333,1123,451,1
371,12.367,1114,449,1
372,12.4,1155,461,1
373,12.433,1205,474,1
374,12.467,1231,480,1
375,12.5,1230,480,1
376,12.533,1227,479,0
377,12.567,1240,482,1
378,12.6,1255,486,1
379,12.633,1264,488,0
380,12.667,1265,488,1
381,12.7,1265,489,1
382,12.733,1266,490,1
383,12.767,1265,490,1
384,12.8,1265,490,1
385,12.833,1266,490,1
386,12.867,1267,489,0
387,12.9,1269,490,0
388,12.933,1272,490,0
389,12.967,1273,490,0
390,13.0,1273,490,0
391,13.033,1270,489,1
392,13.067,1267,488,1
393,13.1,1265,487,1
394,13.133,1265,486,1
395,13.167,1265,486,0
396,13.2,1265,487,1
397,13.233,1265,487,0
398,13.267,1265,487,1
399,13.3,1267,487,1
400,13.333,1268,487,1
401,13.367,1268,486,1
402,13.4,1267,485,1
403,13.433,1265,484,1
404,13.467,1263,482,1
405,13.5,1263,482,1
406,13.533,1264,481,1
407,13.567,1263,481,1
408,13.6,1263,481,1
409,13.633,1264,481,1
410,13.667,1265,482,1
411,13.7,1267,482,1
412,13.733,1270,482,1
413,13.767,1272,482,0
414,13.8,1274,482,0
415,13.833,1277,482,0
416,13.867,1278,482,0
417,13.9,1276,481,0
418,13.933,1272,481,1
419,13.967,1267,480,1
